Instance_number,Topic,TopicKnowledge,OverAllTopicKnowledge,QuizWiseTopicKnowledge,AdvanceTopicKnowledge,OverAllAdvanceTopicKnowledge,QuizWiseAdvanceTopicKnowledge,EasyTopicKnowledge,OverAllEasyTopicKnowledge,QuizWiseEasyTopicKnowledge,Knowledge,OverAllKnowledge,QuizWiseKnowledge,AdvancedKnowledge,OverAllAdvancedKnowledge,QuizWiseAdvancedKnowledge,EasyKnowledge,OverAllEasyKnowledge,QuizWiseEasyKnowledge,OverallInteractionData,QuizWiseInteractionData,ActiveOrReflective,SensoryOrIntuitive,VisualOrVerbal,SequentialOrGlobal,Recommendation,Cluster
0,'flow control advanced',0.03125,0,0.0625,0.0625,0,0.125,0,0,0,0.376834,0.691293,0.062376,0.15978,0.258333,0.061227,0.079259,0.125781,0.032737,-0.283333,-0.116667,ACTIVE,SENSORY,VISUAL,SEQUENTIAL,https://javatutorial.net/java-control-flow-statements,cluster3
1,'flow control easy',0.046875,0.03125,0.0625,0,0,0,0.09375,0.0625,0.125,0.397147,0.706918,0.087376,0.15978,0.258333,0.061227,0.079259,0.125781,0.032737,-0.283333,-0.116667,ACTIVE,SENSORY,VISUAL,SEQUENTIAL,https://javatutorial.net/java-control-flow-statements,cluster3
2,'exceptions easy',0,0,0,0,0,0,0,0,0,0.404959,0.728793,0.081126,0.15978,0.258333,0.061227,0.079259,0.125781,0.032737,-0.283333,-0.116667,ACTIVE,SENSORY,VISUAL,SEQUENTIAL,http://rymden.nu/exceptions.html,cluster3
3,'threads advanced',0.0625,0,0.125,0.125,0,0.25,0,0,0,0.448709,0.753793,0.143626,0.15978,0.258333,0.061227,0.079259,0.125781,0.032737,-0.283333,-0.116667,ACTIVE,SENSORY,VISUAL,SEQUENTIAL,http://beginnersbook.com/2013/03/multithreading-in-java/,cluster3
4,'core easy',0,0,0,0,0,0,0,0,0,0.442459,0.753793,0.131126,0.15978,0.258333,0.061227,0.079259,0.125781,0.032737,-0.283333,-0.116667,ACTIVE,SENSORY,VISUAL,SEQUENTIAL,http://www.tutorialspoint.com/java/java_inheritance.htm,cluster3
5,'declarations and access control easy',0,0,0,0,0,0,0,0,0,0.442459,0.753793,0.131126,0.15978,0.258333,0.061227,0.079259,0.125781,0.032737,-0.283333,-0.116667,ACTIVE,SENSORY,VISUAL,SEQUENTIAL,http://www.jchq.net/certkey/0101certkey.htm,cluster3
6,'operators and assignments advanced',0.03125,0,0.0625,0.0625,0,0.125,0,0,0,0.464334,0.766293,0.162376,0.15978,0.258333,0.061227,0.079259,0.125781,0.032737,-0.283333,-0.116667,ACTIVE,SENSORY,VISUAL,SEQUENTIAL,?,cluster3
7,'inner classes easy',0.046875,0.03125,0.0625,0,0,0,0.09375,0.0625,0.125,0.509647,0.831918,0.187376,0.15978,0.258333,0.061227,0.079259,0.125781,0.032737,-0.283333,-0.116667,ACTIVE,SENSORY,VISUAL,SEQUENTIAL,http://www.codejava.net/java-core/the-java-language/java-keyword-assert,cluster3
8,'assertions easy',0.03125,0,0.0625,0,0,0,0.0625,0,0.125,0.526834,0.841293,0.212376,0.15978,0.258333,0.061227,0.079259,0.125781,0.032737,-0.283333,-0.116667,ACTIVE,SENSORY,VISUAL,SEQUENTIAL,http://docs.oracle.com/javase/7/docs/techfalsetes/guides/language/assert.html,cluster3
9,'assertions advanced',0,0,0,0,0,0,0,0,0,0.523709,0.841293,0.206126,0.15978,0.258333,0.061227,0.079259,0.125781,0.032737,-0.283333,-0.116667,ACTIVE,SENSORY,VISUAL,SEQUENTIAL,http://docs.oracle.com/javase/7/docs/techfalsetes/guides/language/assert.html,cluster3
10,'classes easy',0.054688,0.03125,0.078125,0,0,0,0.109375,0.0625,0.15625,0.576053,0.906918,0.245189,0.15978,0.258333,0.061227,0.079259,0.125781,0.032737,-0.283333,-0.116667,ACTIVE,SENSORY,VISUAL,SEQUENTIAL,http://www.codejava.net/java-core/the-java-language/java-keyword-assert,cluster3
11,'declarations and access control advanced',0.054688,0.03125,0.078125,0.03125,0.0625,0,0.078125,0,0.15625,0.607303,0.969418,0.245189,0.15978,0.258333,0.061227,0.079259,0.125781,0.032737,-0.283333,-0.116667,ACTIVE,SENSORY,VISUAL,SEQUENTIAL,http://www.jchq.net/certkey/0101certkey.htm,cluster3
12,'garbage collection easy',0,0,0,0,0,0,0,0,0,0.601834,0.966293,0.237376,0.15978,0.258333,0.061227,0.079259,0.125781,0.032737,-0.283333,-0.116667,ACTIVE,SENSORY,VISUAL,SEQUENTIAL,?,cluster3
13,'garbage collection advanced',0.09375,0.0625,0.125,0.1875,0.125,0.25,0,0,0,0.673709,1.047543,0.299876,0.15978,0.258333,0.061227,0.079259,0.125781,0.032737,-0.283333,-0.116667,ACTIVE,SENSORY,VISUAL,SEQUENTIAL,https://plumbr.eu/handbook/what-is-garbage-collection,cluster3
14,'objects and collections advanced',0.0625,0,0.125,0.125,0,0.25,0,0,0,0.708084,1.066293,0.349876,0.15978,0.258333,0.061227,0.079259,0.125781,0.032737,-0.283333,-0.116667,ACTIVE,SENSORY,VISUAL,SEQUENTIAL,http://beginnersbook.com/java-collections-tutorials/,cluster3
15,'objects and collections easy',0.25,0.25,0.25,0,0,0,0.5,0.5,0.5,0.826834,1.191293,0.462376,0.15978,0.258333,0.061227,0.079259,0.125781,0.032737,-0.283333,-0.116667,ACTIVE,SENSORY,VISUAL,SEQUENTIAL,?,cluster3
16,'flow control advanced',0,0,0,0,0,0,0,0,0,0.428402,0.856803,0,0.361111,0.583333,0.138889,0.278093,0.541667,0.01452,0.015,-0.45,REFLECTIVE,INTUITIVE,VERBAL,GLOBAL,https://javatutorial.net/java-control-flow-statements,cluster7
17,'flow control easy',0.125,0.25,0,0,0,0,0.25,0.5,0,0.490902,0.981803,0,0.361111,0.583333,0.138889,0.278093,0.541667,0.01452,0.015,-0.45,REFLECTIVE,INTUITIVE,VERBAL,GLOBAL,https://javatutorial.net/java-control-flow-statements,cluster1
18,'exceptions easy',0.125,0.25,0,0,0,0,0.25,0.5,0,0.540902,1.081803,0,0.361111,0.583333,0.138889,0.278093,0.541667,0.01452,0.015,-0.45,REFLECTIVE,INTUITIVE,VERBAL,GLOBAL,http://rymden.nu/exceptions.html,cluster1
19,'threads advanced',0,0,0,0,0,0,0,0,0,0.528402,1.056803,0,0.361111,0.583333,0.138889,0.278093,0.541667,0.01452,0.015,-0.45,REFLECTIVE,INTUITIVE,VERBAL,GLOBAL,?,cluster1
20,'core easy',0,0,0,0,0,0,0,0,0,0.528402,1.056803,0,0.361111,0.583333,0.138889,0.278093,0.541667,0.01452,0.015,-0.45,REFLECTIVE,INTUITIVE,VERBAL,GLOBAL,http://www.tutorialspoint.com/java/java_inheritance.htm,cluster1
21,'declarations and access control easy',0.125,0.25,0,0,0,0,0.25,0.5,0,0.615902,1.231803,0,0.361111,0.583333,0.138889,0.278093,0.541667,0.01452,0.015,-0.45,REFLECTIVE,INTUITIVE,VERBAL,GLOBAL,http://www.jchq.net/certkey/0101certkey.htm,cluster1
22,'operators and assignments advanced',0,0,0,0,0,0,0,0,0,0.603402,1.206803,0,0.361111,0.583333,0.138889,0.278093,0.541667,0.01452,0.015,-0.45,REFLECTIVE,INTUITIVE,VERBAL,GLOBAL,http://www.wideskills.com/java-tutorial/java-operators-tutorial,cluster1
23,'inner classes easy',0.125,0.25,0,0,0,0,0.25,0.5,0,0.665902,1.331803,0,0.361111,0.583333,0.138889,0.278093,0.541667,0.01452,0.015,-0.45,REFLECTIVE,INTUITIVE,VERBAL,GLOBAL,http://www.codejava.net/java-core/the-java-language/java-keyword-assert,cluster1
24,'assertions easy',0,0,0,0,0,0,0,0,0,0.653402,1.306803,0,0.361111,0.583333,0.138889,0.278093,0.541667,0.01452,0.015,-0.45,REFLECTIVE,INTUITIVE,VERBAL,GLOBAL,http://docs.oracle.com/javase/7/docs/techfalsetes/guides/language/assert.html,cluster1
25,'assertions advanced',0,0,0,0,0,0,0,0,0,0.653402,1.306803,0,0.361111,0.583333,0.138889,0.278093,0.541667,0.01452,0.015,-0.45,REFLECTIVE,INTUITIVE,VERBAL,GLOBAL,http://docs.oracle.com/javase/7/docs/techfalsetes/guides/language/assert.html,cluster1
26,'classes easy',0.125,0.25,0,0,0,0,0.25,0.5,0,0.715902,1.431803,0,0.361111,0.583333,0.138889,0.278093,0.541667,0.01452,0.015,-0.45,REFLECTIVE,INTUITIVE,VERBAL,GLOBAL,http://www.codejava.net/java-core/the-java-language/java-keyword-assert,cluster6
27,'declarations and access control advanced',0.25,0.25,0.25,0.5,0.5,0.5,0,0,0,0.859576,1.581803,0.137349,0.361111,0.583333,0.138889,0.278093,0.541667,0.01452,0.015,-0.45,REFLECTIVE,INTUITIVE,VERBAL,GLOBAL,http://www.jchq.net/certkey/0101certkey.htm,cluster6
28,'garbage collection easy',0.125,0,0.25,0.25,0,0.5,0,0,0,0.847076,1.556803,0.137349,0.361111,0.583333,0.138889,0.278093,0.541667,0.01452,0.015,-0.45,REFLECTIVE,INTUITIVE,VERBAL,GLOBAL,https://plumbr.eu/handbook/what-is-garbage-collection,cluster2
29,'garbage collection advanced',0.25,0.25,0.25,0.5,0.5,0.5,0,0,0,0.909576,1.681803,0.137349,0.361111,0.583333,0.138889,0.278093,0.541667,0.01452,0.015,-0.45,REFLECTIVE,INTUITIVE,VERBAL,GLOBAL,https://plumbr.eu/handbook/what-is-garbage-collection,cluster6
30,'objects and collections advanced',0.125,0,0.25,0.25,0,0.5,0,0,0,0.897076,1.656803,0.137349,0.361111,0.583333,0.138889,0.278093,0.541667,0.01452,0.015,-0.45,REFLECTIVE,INTUITIVE,VERBAL,GLOBAL,http://beginnersbook.com/java-collections-tutorials/,cluster2
31,'objects and collections easy',0.125,0.25,0,0,0,0,0.25,0.5,0,0.947076,1.781803,0.112349,0.361111,0.583333,0.138889,0.278093,0.541667,0.01452,0.015,-0.45,REFLECTIVE,INTUITIVE,VERBAL,GLOBAL,?,cluster6
32,'flow control advanced',0.0625,0,0.125,0.125,0,0.25,0,0,0,0.391049,0.651689,0.130409,0.06713,0.083333,0.050926,0.031185,0.03125,0.03112,0.515,0.515,REFLECTIVE,INTUITIVE,VERBAL,GLOBAL,https://javatutorial.net/java-control-flow-statements,cluster0
33,'flow control easy',0.0625,0,0.125,0,0,0,0.125,0,0.25,0.441049,0.701689,0.180409,0.06713,0.083333,0.050926,0.031185,0.03125,0.03112,0.515,0.515,REFLECTIVE,INTUITIVE,VERBAL,GLOBAL,https://javatutorial.net/java-control-flow-statements,cluster0
34,'exceptions easy',0,0,0,0,0,0,0,0,0,0.434799,0.701689,0.167909,0.06713,0.083333,0.050926,0.031185,0.03125,0.03112,0.515,0.515,REFLECTIVE,INTUITIVE,VERBAL,GLOBAL,http://rymden.nu/exceptions.html,cluster0
35,'threads advanced',0,0,0,0,0,0,0,0,0,0.434799,0.701689,0.167909,0.06713,0.083333,0.050926,0.031185,0.03125,0.03112,0.515,0.515,REFLECTIVE,INTUITIVE,VERBAL,GLOBAL,http://beginnersbook.com/2013/03/multithreading-in-java/,cluster0
36,'core easy',0,0,0,0,0,0,0,0,0,0.434799,0.701689,0.167909,0.06713,0.083333,0.050926,0.031185,0.03125,0.03112,0.515,0.515,REFLECTIVE,INTUITIVE,VERBAL,GLOBAL,http://www.tutorialspoint.com/java/java_inheritance.htm,cluster0
37,'declarations and access control easy',0,0,0,0,0,0,0,0,0,0.434799,0.701689,0.167909,0.06713,0.083333,0.050926,0.031185,0.03125,0.03112,0.515,0.515,REFLECTIVE,INTUITIVE,VERBAL,GLOBAL,http://www.jchq.net/certkey/0101certkey.htm,cluster0
38,'operators and assignments advanced',0,0,0,0,0,0,0,0,0,0.434799,0.701689,0.167909,0.06713,0.083333,0.050926,0.031185,0.03125,0.03112,0.515,0.515,REFLECTIVE,INTUITIVE,VERBAL,GLOBAL,http://www.wideskills.com/java-tutorial/java-operators-tutorial,cluster0
39,'inner classes easy',0,0,0,0,0,0,0,0,0,0.434799,0.701689,0.167909,0.06713,0.083333,0.050926,0.031185,0.03125,0.03112,0.515,0.515,REFLECTIVE,INTUITIVE,VERBAL,GLOBAL,http://www.codejava.net/java-core/the-java-language/java-keyword-assert,cluster0
40,'assertions easy',0,0,0,0,0,0,0,0,0,0.434799,0.701689,0.167909,0.06713,0.083333,0.050926,0.031185,0.03125,0.03112,0.515,0.515,REFLECTIVE,INTUITIVE,VERBAL,GLOBAL,http://docs.oracle.com/javase/7/docs/techfalsetes/guides/language/assert.html,cluster0
41,'assertions advanced',0.0625,0,0.125,0.125,0,0.25,0,0,0,0.491049,0.751689,0.230409,0.06713,0.083333,0.050926,0.031185,0.03125,0.03112,0.515,0.515,REFLECTIVE,INTUITIVE,VERBAL,GLOBAL,http://docs.oracle.com/javase/7/docs/techfalsetes/guides/language/assert.html,cluster0
42,'classes easy',0.035156,0,0.070313,0,0,0,0.070313,0,0.140625,0.508627,0.764189,0.253065,0.06713,0.083333,0.050926,0.031185,0.03125,0.03112,0.515,0.515,REFLECTIVE,INTUITIVE,VERBAL,GLOBAL,?,cluster0
43,'declarations and access control advanced',0.035156,0,0.070313,0,0,0,0.070313,0,0.140625,0.508627,0.764189,0.253065,0.06713,0.083333,0.050926,0.031185,0.03125,0.03112,0.515,0.515,REFLECTIVE,INTUITIVE,VERBAL,GLOBAL,http://www.jchq.net/certkey/0101certkey.htm,cluster0
44,'garbage collection easy',0,0,0,0,0,0,0,0,0,0.505112,0.764189,0.246034,0.06713,0.083333,0.050926,0.031185,0.03125,0.03112,0.515,0.515,REFLECTIVE,INTUITIVE,VERBAL,GLOBAL,https://plumbr.eu/handbook/what-is-garbage-collection,cluster0
45,'garbage collection advanced',0,0,0,0,0,0,0,0,0,0.505112,0.764189,0.246034,0.06713,0.083333,0.050926,0.031185,0.03125,0.03112,0.515,0.515,REFLECTIVE,INTUITIVE,VERBAL,GLOBAL,https://plumbr.eu/handbook/what-is-garbage-collection,cluster0
46,'objects and collections advanced',0,0,0,0,0,0,0,0,0,0.505112,0.764189,0.246034,0.06713,0.083333,0.050926,0.031185,0.03125,0.03112,0.515,0.515,REFLECTIVE,INTUITIVE,VERBAL,GLOBAL,http://beginnersbook.com/java-collections-tutorials/,cluster0
47,'objects and collections easy',0.125,0,0.25,0,0,0,0.25,0,0.5,0.567612,0.764189,0.371034,0.06713,0.083333,0.050926,0.031185,0.03125,0.03112,0.515,0.515,REFLECTIVE,INTUITIVE,VERBAL,GLOBAL,http://beginnersbook.com/java-collections-tutorials/,cluster0
48,'flow control advanced',0,0,0,0,0,0,0,0,0,0.325845,0.651689,0,0.041667,0.083333,0,0.015625,0.03125,0,0.515,0,REFLECTIVE,INTUITIVE,VERBAL,GLOBAL,https://javatutorial.net/java-control-flow-statements,cluster0
49,'flow control easy',0,0,0,0,0,0,0,0,0,0.350845,0.701689,0,0.041667,0.083333,0,0.015625,0.03125,0,0.515,0,REFLECTIVE,INTUITIVE,VERBAL,GLOBAL,https://javatutorial.net/java-control-flow-statements,cluster0
50,'exceptions easy',0,0,0,0,0,0,0,0,0,0.350845,0.701689,0,0.041667,0.083333,0,0.015625,0.03125,0,0.515,0,REFLECTIVE,INTUITIVE,VERBAL,GLOBAL,http://rymden.nu/exceptions.html,cluster0
51,'threads advanced',0,0,0,0,0,0,0,0,0,0.350845,0.701689,0,0.041667,0.083333,0,0.015625,0.03125,0,0.515,0,REFLECTIVE,INTUITIVE,VERBAL,GLOBAL,http://beginnersbook.com/2013/03/multithreading-in-java/,cluster0
52,'core easy',0,0,0,0,0,0,0,0,0,0.350845,0.701689,0,0.041667,0.083333,0,0.015625,0.03125,0,0.515,0,REFLECTIVE,INTUITIVE,VERBAL,GLOBAL,?,cluster0
53,'declarations and access control easy',0,0,0,0,0,0,0,0,0,0.350845,0.701689,0,0.041667,0.083333,0,0.015625,0.03125,0,0.515,0,REFLECTIVE,INTUITIVE,VERBAL,GLOBAL,http://www.jchq.net/certkey/0101certkey.htm,cluster0
54,'operators and assignments advanced',0,0,0,0,0,0,0,0,0,0.350845,0.701689,0,0.041667,0.083333,0,0.015625,0.03125,0,0.515,0,REFLECTIVE,INTUITIVE,VERBAL,GLOBAL,http://www.wideskills.com/java-tutorial/java-operators-tutorial,cluster0
55,'inner classes easy',0,0,0,0,0,0,0,0,0,0.350845,0.701689,0,0.041667,0.083333,0,0.015625,0.03125,0,0.515,0,REFLECTIVE,INTUITIVE,VERBAL,GLOBAL,http://www.codejava.net/java-core/the-java-language/java-keyword-assert,cluster0
56,'assertions easy',0,0,0,0,0,0,0,0,0,0.350845,0.701689,0,0.041667,0.083333,0,0.015625,0.03125,0,0.515,0,REFLECTIVE,INTUITIVE,VERBAL,GLOBAL,http://docs.oracle.com/javase/7/docs/techfalsetes/guides/language/assert.html,cluster0
57,'assertions advanced',0,0,0,0,0,0,0,0,0,0.375845,0.751689,0,0.041667,0.083333,0,0.015625,0.03125,0,0.515,0,REFLECTIVE,INTUITIVE,VERBAL,GLOBAL,http://docs.oracle.com/javase/7/docs/techfalsetes/guides/language/assert.html,cluster0
58,'classes easy',0,0,0,0,0,0,0,0,0,0.382095,0.764189,0,0.041667,0.083333,0,0.015625,0.03125,0,0.515,0,REFLECTIVE,INTUITIVE,VERBAL,GLOBAL,http://www.codejava.net/java-core/the-java-language/java-keyword-assert,cluster0
59,'declarations and access control advanced',0,0,0,0,0,0,0,0,0,0.382095,0.764189,0,0.041667,0.083333,0,0.015625,0.03125,0,0.515,0,REFLECTIVE,INTUITIVE,VERBAL,GLOBAL,http://www.jchq.net/certkey/0101certkey.htm,cluster0
60,'garbage collection easy',0,0,0,0,0,0,0,0,0,0.382095,0.764189,0,0.041667,0.083333,0,0.015625,0.03125,0,0.515,0,REFLECTIVE,INTUITIVE,VERBAL,GLOBAL,https://plumbr.eu/handbook/what-is-garbage-collection,cluster0
61,'garbage collection advanced',0,0,0,0,0,0,0,0,0,0.382095,0.764189,0,0.041667,0.083333,0,0.015625,0.03125,0,0.515,0,REFLECTIVE,INTUITIVE,VERBAL,GLOBAL,?,cluster0
62,'objects and collections advanced',0,0,0,0,0,0,0,0,0,0.382095,0.764189,0,0.041667,0.083333,0,0.015625,0.03125,0,0.515,0,REFLECTIVE,INTUITIVE,VERBAL,GLOBAL,http://beginnersbook.com/java-collections-tutorials/,cluster0
63,'objects and collections easy',0,0,0,0,0,0,0,0,0,0.382095,0.764189,0,0.041667,0.083333,0,0.015625,0.03125,0,0.515,0,REFLECTIVE,INTUITIVE,VERBAL,GLOBAL,http://beginnersbook.com/java-collections-tutorials/,cluster0
64,'flow control advanced',0.125,0,0.25,0.25,0,0.5,0,0,0,0.381404,0.641995,0.120813,0.061728,0.111111,0.012346,0.099609,0.1875,0.011719,-0.45,-0.45,ACTIVE,SENSORY,VISUAL,SEQUENTIAL,https://javatutorial.net/java-control-flow-statements,cluster3
65,'flow control easy',0.125,0,0.25,0,0,0,0.25,0,0.5,0.481404,0.741995,0.220813,0.061728,0.111111,0.012346,0.099609,0.1875,0.011719,-0.45,-0.45,ACTIVE,SENSORY,VISUAL,SEQUENTIAL,https://javatutorial.net/java-control-flow-statements,cluster3
66,'exceptions easy',0.125,0,0.25,0,0,0,0.25,0,0.5,0.581404,0.841995,0.320813,0.061728,0.111111,0.012346,0.099609,0.1875,0.011719,-0.45,-0.45,ACTIVE,SENSORY,VISUAL,SEQUENTIAL,http://rymden.nu/exceptions.html,cluster3
67,'threads advanced',0,0,0,0,0,0,0,0,0,0.568904,0.841995,0.295813,0.061728,0.111111,0.012346,0.099609,0.1875,0.011719,-0.45,-0.45,ACTIVE,SENSORY,VISUAL,SEQUENTIAL,?,cluster3
68,'core easy',0,0,0,0,0,0,0,0,0,0.568904,0.841995,0.295813,0.061728,0.111111,0.012346,0.099609,0.1875,0.011719,-0.45,-0.45,ACTIVE,SENSORY,VISUAL,SEQUENTIAL,http://www.tutorialspoint.com/java/java_inheritance.htm,cluster3
69,'declarations and access control easy',0.125,0,0.25,0,0,0,0.25,0,0.5,0.681404,0.941995,0.420813,0.061728,0.111111,0.012346,0.099609,0.1875,0.011719,-0.45,-0.45,ACTIVE,SENSORY,VISUAL,SEQUENTIAL,http://www.jchq.net/certkey/0101certkey.htm,cluster3
70,'operators and assignments advanced',0,0,0,0,0,0,0,0,0,0.668904,0.941995,0.395813,0.061728,0.111111,0.012346,0.099609,0.1875,0.011719,-0.45,-0.45,ACTIVE,SENSORY,VISUAL,SEQUENTIAL,http://www.wideskills.com/java-tutorial/java-operators-tutorial,cluster3
71,'inner classes easy',0,0,0,0,0,0,0,0,0,0.668904,0.941995,0.395813,0.061728,0.111111,0.012346,0.099609,0.1875,0.011719,-0.45,-0.45,ACTIVE,SENSORY,VISUAL,SEQUENTIAL,http://www.codejava.net/java-core/the-java-language/java-keyword-assert,cluster3
72,'assertions easy',0,0,0,0,0,0,0,0,0,0.668904,0.941995,0.395813,0.061728,0.111111,0.012346,0.099609,0.1875,0.011719,-0.45,-0.45,ACTIVE,SENSORY,VISUAL,SEQUENTIAL,http://docs.oracle.com/javase/7/docs/techfalsetes/guides/language/assert.html,cluster3
73,'assertions advanced',0,0,0,0,0,0,0,0,0,0.668904,0.941995,0.395813,0.061728,0.111111,0.012346,0.099609,0.1875,0.011719,-0.45,-0.45,ACTIVE,SENSORY,VISUAL,SEQUENTIAL,http://docs.oracle.com/javase/7/docs/techfalsetes/guides/language/assert.html,cluster3
74,'classes easy',0.007813,0,0.015625,0,0,0,0.015625,0,0.03125,0.68531,0.966995,0.403625,0.061728,0.111111,0.012346,0.099609,0.1875,0.011719,-0.45,-0.45,ACTIVE,SENSORY,VISUAL,SEQUENTIAL,http://www.codejava.net/java-core/the-java-language/java-keyword-assert,cluster3
75,'declarations and access control advanced',0.007813,0,0.015625,0,0,0,0.015625,0,0.03125,0.68531,0.966995,0.403625,0.061728,0.111111,0.012346,0.099609,0.1875,0.011719,-0.45,-0.45,ACTIVE,SENSORY,VISUAL,SEQUENTIAL,http://www.jchq.net/certkey/0101certkey.htm,cluster3
76,'garbage collection easy',0,0,0,0,0,0,0,0,0,0.684529,0.966995,0.402063,0.061728,0.111111,0.012346,0.099609,0.1875,0.011719,-0.45,-0.45,ACTIVE,SENSORY,VISUAL,SEQUENTIAL,?,cluster3
77,'garbage collection advanced',0,0,0,0,0,0,0,0,0,0.684529,0.966995,0.402063,0.061728,0.111111,0.012346,0.099609,0.1875,0.011719,-0.45,-0.45,ACTIVE,SENSORY,VISUAL,SEQUENTIAL,https://plumbr.eu/handbook/what-is-garbage-collection,cluster3
78,'objects and collections advanced',0,0,0,0,0,0,0,0,0,0.684529,0.966995,0.402063,0.061728,0.111111,0.012346,0.099609,0.1875,0.011719,-0.45,-0.45,ACTIVE,SENSORY,VISUAL,SEQUENTIAL,http://beginnersbook.com/java-collections-tutorials/,cluster3
79,'objects and collections easy',0,0,0,0,0,0,0,0,0,0.684529,0.966995,0.402063,0.061728,0.111111,0.012346,0.099609,0.1875,0.011719,-0.45,-0.45,ACTIVE,SENSORY,VISUAL,SEQUENTIAL,http://beginnersbook.com/java-collections-tutorials/,cluster3
80,'flow control advanced',0,0,0,0,0,0,0,0,0,0.315384,0.547203,0.083564,0.04321,0.027778,0.058642,0.040527,0.046875,0.03418,0.05,0.05,ACTIVE,INTUITIVE,VISUAL,GLOBAL,https://javatutorial.net/java-control-flow-statements,cluster5
81,'flow control easy',0,0,0,0,0,0,0,0,0,0.315384,0.547203,0.083564,0.04321,0.027778,0.058642,0.040527,0.046875,0.03418,0.05,0.05,ACTIVE,INTUITIVE,VISUAL,GLOBAL,https://javatutorial.net/java-control-flow-statements,cluster5
82,'exceptions easy',0,0,0,0,0,0,0,0,0,0.315384,0.547203,0.083564,0.04321,0.027778,0.058642,0.040527,0.046875,0.03418,0.05,0.05,ACTIVE,INTUITIVE,VISUAL,GLOBAL,http://rymden.nu/exceptions.html,cluster5
83,'threads advanced',0,0,0,0,0,0,0,0,0,0.315384,0.547203,0.083564,0.04321,0.027778,0.058642,0.040527,0.046875,0.03418,0.05,0.05,ACTIVE,INTUITIVE,VISUAL,GLOBAL,?,cluster5
84,'core easy',0,0,0,0,0,0,0,0,0,0.315384,0.547203,0.083564,0.04321,0.027778,0.058642,0.040527,0.046875,0.03418,0.05,0.05,ACTIVE,INTUITIVE,VISUAL,GLOBAL,http://www.tutorialspoint.com/java/java_inheritance.htm,cluster5
85,'declarations and access control easy',0,0,0,0,0,0,0,0,0,0.315384,0.547203,0.083564,0.04321,0.027778,0.058642,0.040527,0.046875,0.03418,0.05,0.05,ACTIVE,INTUITIVE,VISUAL,GLOBAL,http://www.jchq.net/certkey/0101certkey.htm,cluster5
86,'operators and assignments advanced',0,0,0,0,0,0,0,0,0,0.315384,0.547203,0.083564,0.04321,0.027778,0.058642,0.040527,0.046875,0.03418,0.05,0.05,ACTIVE,INTUITIVE,VISUAL,GLOBAL,http://www.wideskills.com/java-tutorial/java-operators-tutorial,cluster5
87,'inner classes easy',0.0625,0,0.125,0,0,0,0.125,0,0.25,0.371634,0.597203,0.146064,0.04321,0.027778,0.058642,0.040527,0.046875,0.03418,0.05,0.05,ACTIVE,INTUITIVE,VISUAL,GLOBAL,http://www.codejava.net/java-core/the-java-language/java-keyword-assert,cluster5
88,'assertions easy',0,0,0,0,0,0,0,0,0,0.365384,0.597203,0.133564,0.04321,0.027778,0.058642,0.040527,0.046875,0.03418,0.05,0.05,ACTIVE,INTUITIVE,VISUAL,GLOBAL,?,cluster5
89,'assertions advanced',0,0,0,0,0,0,0,0,0,0.365384,0.597203,0.133564,0.04321,0.027778,0.058642,0.040527,0.046875,0.03418,0.05,0.05,ACTIVE,INTUITIVE,VISUAL,GLOBAL,http://docs.oracle.com/javase/7/docs/techfalsetes/guides/language/assert.html,cluster5
90,'classes easy',0.042969,0,0.085938,0,0,0,0.085938,0,0.171875,0.405618,0.634703,0.176533,0.04321,0.027778,0.058642,0.040527,0.046875,0.03418,0.05,0.05,ACTIVE,INTUITIVE,VISUAL,GLOBAL,http://www.codejava.net/java-core/the-java-language/java-keyword-assert,cluster5
91,'declarations and access control advanced',0.042969,0,0.085938,0,0,0,0.085938,0,0.171875,0.430618,0.684703,0.176533,0.04321,0.027778,0.058642,0.040527,0.046875,0.03418,0.05,0.05,ACTIVE,INTUITIVE,VISUAL,GLOBAL,http://www.jchq.net/certkey/0101certkey.htm,cluster5
92,'garbage collection easy',0,0,0,0,0,0,0,0,0,0.426321,0.684703,0.167939,0.04321,0.027778,0.058642,0.040527,0.046875,0.03418,0.05,0.05,ACTIVE,INTUITIVE,VISUAL,GLOBAL,https://plumbr.eu/handbook/what-is-garbage-collection,cluster5
93,'garbage collection advanced',0,0,0,0,0,0,0,0,0,0.426321,0.684703,0.167939,0.04321,0.027778,0.058642,0.040527,0.046875,0.03418,0.05,0.05,ACTIVE,INTUITIVE,VISUAL,GLOBAL,https://plumbr.eu/handbook/what-is-garbage-collection,cluster5
94,'objects and collections advanced',0,0,0,0,0,0,0,0,0,0.426321,0.684703,0.167939,0.04321,0.027778,0.058642,0.040527,0.046875,0.03418,0.05,0.05,ACTIVE,INTUITIVE,VISUAL,GLOBAL,http://beginnersbook.com/java-collections-tutorials/,cluster5
95,'objects and collections easy',0.125,0,0.25,0,0,0,0.25,0,0.5,0.488821,0.684703,0.292939,0.04321,0.027778,0.058642,0.040527,0.046875,0.03418,0.05,0.05,ACTIVE,INTUITIVE,VISUAL,GLOBAL,http://beginnersbook.com/java-collections-tutorials/,cluster5
96,'flow control advanced',0,0,0,0,0,0,0,0,0,0.315384,0.547203,0.083564,0.04321,0.027778,0.058642,0.040527,0.046875,0.03418,0.05,0.05,ACTIVE,INTUITIVE,VISUAL,GLOBAL,https://javatutorial.net/java-control-flow-statements,cluster5
97,'flow control easy',0,0,0,0,0,0,0,0,0,0.315384,0.547203,0.083564,0.04321,0.027778,0.058642,0.040527,0.046875,0.03418,0.05,0.05,ACTIVE,INTUITIVE,VISUAL,GLOBAL,https://javatutorial.net/java-control-flow-statements,cluster5
98,'exceptions easy',0,0,0,0,0,0,0,0,0,0.315384,0.547203,0.083564,0.04321,0.027778,0.058642,0.040527,0.046875,0.03418,0.05,0.05,ACTIVE,INTUITIVE,VISUAL,GLOBAL,http://rymden.nu/exceptions.html,cluster5
99,'threads advanced',0,0,0,0,0,0,0,0,0,0.315384,0.547203,0.083564,0.04321,0.027778,0.058642,0.040527,0.046875,0.03418,0.05,0.05,ACTIVE,INTUITIVE,VISUAL,GLOBAL,http://beginnersbook.com/2013/03/multithreading-in-java/,cluster5
100,'core easy',0,0,0,0,0,0,0,0,0,0.315384,0.547203,0.083564,0.04321,0.027778,0.058642,0.040527,0.046875,0.03418,0.05,0.05,ACTIVE,INTUITIVE,VISUAL,GLOBAL,http://www.tutorialspoint.com/java/java_inheritance.htm,cluster5
101,'declarations and access control easy',0,0,0,0,0,0,0,0,0,0.315384,0.547203,0.083564,0.04321,0.027778,0.058642,0.040527,0.046875,0.03418,0.05,0.05,ACTIVE,INTUITIVE,VISUAL,GLOBAL,http://www.jchq.net/certkey/0101certkey.htm,cluster5
102,'operators and assignments advanced',0,0,0,0,0,0,0,0,0,0.315384,0.547203,0.083564,0.04321,0.027778,0.058642,0.040527,0.046875,0.03418,0.05,0.05,ACTIVE,INTUITIVE,VISUAL,GLOBAL,http://www.wideskills.com/java-tutorial/java-operators-tutorial,cluster5
103,'inner classes easy',0.0625,0,0.125,0,0,0,0.125,0,0.25,0.371634,0.597203,0.146064,0.04321,0.027778,0.058642,0.040527,0.046875,0.03418,0.05,0.05,ACTIVE,INTUITIVE,VISUAL,GLOBAL,?,cluster5
104,'assertions easy',0,0,0,0,0,0,0,0,0,0.365384,0.597203,0.133564,0.04321,0.027778,0.058642,0.040527,0.046875,0.03418,0.05,0.05,ACTIVE,INTUITIVE,VISUAL,GLOBAL,http://docs.oracle.com/javase/7/docs/techfalsetes/guides/language/assert.html,cluster5
105,'assertions advanced',0,0,0,0,0,0,0,0,0,0.365384,0.597203,0.133564,0.04321,0.027778,0.058642,0.040527,0.046875,0.03418,0.05,0.05,ACTIVE,INTUITIVE,VISUAL,GLOBAL,http://docs.oracle.com/javase/7/docs/techfalsetes/guides/language/assert.html,cluster5
106,'classes easy',0.042969,0,0.085938,0,0,0,0.085938,0,0.171875,0.405618,0.634703,0.176533,0.04321,0.027778,0.058642,0.040527,0.046875,0.03418,0.05,0.05,ACTIVE,INTUITIVE,VISUAL,GLOBAL,http://www.codejava.net/java-core/the-java-language/java-keyword-assert,cluster5
107,'declarations and access control advanced',0.042969,0,0.085938,0,0,0,0.085938,0,0.171875,0.430618,0.684703,0.176533,0.04321,0.027778,0.058642,0.040527,0.046875,0.03418,0.05,0.05,ACTIVE,INTUITIVE,VISUAL,GLOBAL,http://www.jchq.net/certkey/0101certkey.htm,cluster5
108,'garbage collection easy',0,0,0,0,0,0,0,0,0,0.426321,0.684703,0.167939,0.04321,0.027778,0.058642,0.040527,0.046875,0.03418,0.05,0.05,ACTIVE,INTUITIVE,VISUAL,GLOBAL,https://plumbr.eu/handbook/what-is-garbage-collection,cluster5
109,'garbage collection advanced',0,0,0,0,0,0,0,0,0,0.426321,0.684703,0.167939,0.04321,0.027778,0.058642,0.040527,0.046875,0.03418,0.05,0.05,ACTIVE,INTUITIVE,VISUAL,GLOBAL,https://plumbr.eu/handbook/what-is-garbage-collection,cluster5
110,'objects and collections advanced',0,0,0,0,0,0,0,0,0,0.426321,0.684703,0.167939,0.04321,0.027778,0.058642,0.040527,0.046875,0.03418,0.05,0.05,ACTIVE,INTUITIVE,VISUAL,GLOBAL,?,cluster5
111,'objects and collections easy',0.125,0,0.25,0,0,0,0.25,0,0.5,0.488821,0.684703,0.292939,0.04321,0.027778,0.058642,0.040527,0.046875,0.03418,0.05,0.05,ACTIVE,INTUITIVE,VISUAL,GLOBAL,http://beginnersbook.com/java-collections-tutorials/,cluster5
112,'flow control advanced',0,0,0,0,0,0,0,0,0,0.447938,0.885289,0.010587,0.374614,0.736111,0.013117,0.326194,0.647569,0.004818,-0.2175,-0.45,REFLECTIVE,INTUITIVE,VERBAL,GLOBAL,https://javatutorial.net/java-control-flow-statements,cluster1
113,'flow control easy',0.125,0.25,0,0,0,0,0.25,0.5,0,0.522938,1.035289,0.010587,0.374614,0.736111,0.013117,0.326194,0.647569,0.004818,-0.2175,-0.45,REFLECTIVE,INTUITIVE,VERBAL,GLOBAL,?,cluster1
114,'exceptions easy',0.125,0.25,0,0,0,0,0.25,0.5,0,0.591688,1.172789,0.010587,0.374614,0.736111,0.013117,0.326194,0.647569,0.004818,-0.2175,-0.45,REFLECTIVE,INTUITIVE,VERBAL,GLOBAL,http://rymden.nu/exceptions.html,cluster1
115,'threads advanced',0,0,0,0,0,0,0,0,0,0.579188,1.147789,0.010587,0.374614,0.736111,0.013117,0.326194,0.647569,0.004818,-0.2175,-0.45,REFLECTIVE,INTUITIVE,VERBAL,GLOBAL,http://beginnersbook.com/2013/03/multithreading-in-java/,cluster1
116,'core easy',0,0,0,0,0,0,0,0,0,0.579188,1.147789,0.010587,0.374614,0.736111,0.013117,0.326194,0.647569,0.004818,-0.2175,-0.45,REFLECTIVE,INTUITIVE,VERBAL,GLOBAL,?,cluster1
117,'declarations and access control easy',0.125,0.25,0,0,0,0,0.25,0.5,0,0.666688,1.322789,0.010587,0.374614,0.736111,0.013117,0.326194,0.647569,0.004818,-0.2175,-0.45,REFLECTIVE,INTUITIVE,VERBAL,GLOBAL,http://www.jchq.net/certkey/0101certkey.htm,cluster1
118,'operators and assignments advanced',0,0,0,0,0,0,0,0,0,0.654188,1.297789,0.010587,0.374614,0.736111,0.013117,0.326194,0.647569,0.004818,-0.2175,-0.45,REFLECTIVE,INTUITIVE,VERBAL,GLOBAL,http://www.wideskills.com/java-tutorial/java-operators-tutorial,cluster1
119,'inner classes easy',0.125,0.25,0,0,0,0,0.25,0.5,0,0.716688,1.422789,0.010587,0.374614,0.736111,0.013117,0.326194,0.647569,0.004818,-0.2175,-0.45,REFLECTIVE,INTUITIVE,VERBAL,GLOBAL,http://www.codejava.net/java-core/the-java-language/java-keyword-assert,cluster1
120,'assertions easy',0,0,0,0,0,0,0,0,0,0.704188,1.397789,0.010587,0.374614,0.736111,0.013117,0.326194,0.647569,0.004818,-0.2175,-0.45,REFLECTIVE,INTUITIVE,VERBAL,GLOBAL,?,cluster1
121,'assertions advanced',0,0,0,0,0,0,0,0,0,0.704188,1.397789,0.010587,0.374614,0.736111,0.013117,0.326194,0.647569,0.004818,-0.2175,-0.45,REFLECTIVE,INTUITIVE,VERBAL,GLOBAL,http://docs.oracle.com/javase/7/docs/techfalsetes/guides/language/assert.html,cluster1
122,'classes easy',0.125,0.25,0,0,0,0,0.25,0.5,0,0.779188,1.547789,0.010587,0.374614,0.736111,0.013117,0.326194,0.647569,0.004818,-0.2175,-0.45,REFLECTIVE,INTUITIVE,VERBAL,GLOBAL,http://www.codejava.net/java-core/the-java-language/java-keyword-assert,cluster1
123,'declarations and access control advanced',0.125,0.25,0,0.25,0.5,0,0,0,0,0.841688,1.672789,0.010587,0.374614,0.736111,0.013117,0.326194,0.647569,0.004818,-0.2175,-0.45,REFLECTIVE,INTUITIVE,VERBAL,GLOBAL,http://www.jchq.net/certkey/0101certkey.htm,cluster6
124,'garbage collection easy',0,0,0,0,0,0,0,0,0,0.829188,1.647789,0.010587,0.374614,0.736111,0.013117,0.326194,0.647569,0.004818,-0.2175,-0.45,REFLECTIVE,INTUITIVE,VERBAL,GLOBAL,?,cluster1
125,'garbage collection advanced',0.125,0.25,0,0.25,0.5,0,0,0,0,0.916688,1.822789,0.010587,0.374614,0.736111,0.013117,0.326194,0.647569,0.004818,-0.2175,-0.45,REFLECTIVE,INTUITIVE,VERBAL,GLOBAL,https://plumbr.eu/handbook/what-is-garbage-collection,cluster6
126,'objects and collections advanced',0,0,0,0,0,0,0,0,0,0.904188,1.797789,0.010587,0.374614,0.736111,0.013117,0.326194,0.647569,0.004818,-0.2175,-0.45,REFLECTIVE,INTUITIVE,VERBAL,GLOBAL,http://beginnersbook.com/java-collections-tutorials/,cluster1
127,'objects and collections easy',0.1875,0.25,0.125,0,0,0,0.375,0.5,0.25,0.997938,1.922789,0.073087,0.374614,0.736111,0.013117,0.326194,0.647569,0.004818,-0.2175,-0.45,REFLECTIVE,INTUITIVE,VERBAL,GLOBAL,http://beginnersbook.com/java-collections-tutorials/,cluster6
128,'flow control advanced',0,0,0,0,0,0,0,0,0,0.423333,0.846667,0,0.402778,0.416667,0.388889,0.225852,0.375,0.076705,-0.45,-0.45,REFLECTIVE,INTUITIVE,VERBAL,GLOBAL,https://javatutorial.net/java-control-flow-statements,cluster4
129,'flow control easy',0,0,0,0,0,0,0,0,0,0.473333,0.946667,0,0.402778,0.416667,0.388889,0.225852,0.375,0.076705,-0.45,-0.45,REFLECTIVE,INTUITIVE,VERBAL,GLOBAL,https://javatutorial.net/java-control-flow-statements,cluster4
130,'exceptions easy',0,0,0,0,0,0,0,0,0,0.523333,1.046667,0,0.402778,0.416667,0.388889,0.225852,0.375,0.076705,-0.45,-0.45,REFLECTIVE,INTUITIVE,VERBAL,GLOBAL,?,cluster4
131,'threads advanced',0,0,0,0,0,0,0,0,0,0.523333,1.046667,0,0.402778,0.416667,0.388889,0.225852,0.375,0.076705,-0.45,-0.45,REFLECTIVE,INTUITIVE,VERBAL,GLOBAL,http://beginnersbook.com/2013/03/multithreading-in-java/,cluster4
132,'core easy',0,0,0,0,0,0,0,0,0,0.523333,1.046667,0,0.402778,0.416667,0.388889,0.225852,0.375,0.076705,-0.45,-0.45,REFLECTIVE,INTUITIVE,VERBAL,GLOBAL,http://www.tutorialspoint.com/java/java_inheritance.htm,cluster4
133,'declarations and access control easy',0,0,0,0,0,0,0,0,0,0.548333,1.096667,0,0.402778,0.416667,0.388889,0.225852,0.375,0.076705,-0.45,-0.45,REFLECTIVE,INTUITIVE,VERBAL,GLOBAL,http://www.jchq.net/certkey/0101certkey.htm,cluster4
134,'operators and assignments advanced',0,0,0,0,0,0,0,0,0,0.548333,1.096667,0,0.402778,0.416667,0.388889,0.225852,0.375,0.076705,-0.45,-0.45,REFLECTIVE,INTUITIVE,VERBAL,GLOBAL,?,cluster4
135,'inner classes easy',0,0,0,0,0,0,0,0,0,0.598333,1.196667,0,0.402778,0.416667,0.388889,0.225852,0.375,0.076705,-0.45,-0.45,REFLECTIVE,INTUITIVE,VERBAL,GLOBAL,http://www.codejava.net/java-core/the-java-language/java-keyword-assert,cluster4
136,'assertions easy',0,0,0,0,0,0,0,0,0,0.598333,1.196667,0,0.402778,0.416667,0.388889,0.225852,0.375,0.076705,-0.45,-0.45,REFLECTIVE,INTUITIVE,VERBAL,GLOBAL,http://docs.oracle.com/javase/7/docs/techfalsetes/guides/language/assert.html,cluster4
137,'assertions advanced',0,0,0,0,0,0,0,0,0,0.598333,1.196667,0,0.402778,0.416667,0.388889,0.225852,0.375,0.076705,-0.45,-0.45,REFLECTIVE,INTUITIVE,VERBAL,GLOBAL,http://docs.oracle.com/javase/7/docs/techfalsetes/guides/language/assert.html,cluster4
138,'classes easy',0,0,0,0,0,0,0,0,0,0.648333,1.296667,0,0.402778,0.416667,0.388889,0.225852,0.375,0.076705,-0.45,-0.45,REFLECTIVE,INTUITIVE,VERBAL,GLOBAL,?,cluster4
139,'declarations and access control advanced',0.125,0,0.25,0.25,0,0.5,0,0,0,0.849893,1.396667,0.303119,0.402778,0.416667,0.388889,0.225852,0.375,0.076705,-0.45,-0.45,REFLECTIVE,INTUITIVE,VERBAL,GLOBAL,http://www.jchq.net/certkey/0101certkey.htm,cluster2
140,'garbage collection easy',0.125,0,0.25,0.25,0,0.5,0,0,0,0.849893,1.396667,0.303119,0.402778,0.416667,0.388889,0.225852,0.375,0.076705,-0.45,-0.45,REFLECTIVE,INTUITIVE,VERBAL,GLOBAL,https://plumbr.eu/handbook/what-is-garbage-collection,cluster2
141,'garbage collection advanced',0.125,0,0.25,0.25,0,0.5,0,0,0,0.899893,1.496667,0.303119,0.402778,0.416667,0.388889,0.225852,0.375,0.076705,-0.45,-0.45,REFLECTIVE,INTUITIVE,VERBAL,GLOBAL,https://plumbr.eu/handbook/what-is-garbage-collection,cluster2
142,'objects and collections advanced',0.125,0,0.25,0.25,0,0.5,0,0,0,0.899893,1.496667,0.303119,0.402778,0.416667,0.388889,0.225852,0.375,0.076705,-0.45,-0.45,REFLECTIVE,INTUITIVE,VERBAL,GLOBAL,http://beginnersbook.com/java-collections-tutorials/,cluster2
143,'objects and collections easy',0,0,0,0,0,0,0,0,0,0.887393,1.496667,0.278119,0.402778,0.416667,0.388889,0.225852,0.375,0.076705,-0.45,-0.45,REFLECTIVE,INTUITIVE,VERBAL,GLOBAL,http://beginnersbook.com/java-collections-tutorials/,cluster4
144,'flow control advanced',0,0,0,0,0,0,0,0,0,0.465513,0.856803,0.074222,0.295139,0.583333,0.006944,0.272917,0.541667,0.004167,0.015,0.48,REFLECTIVE,INTUITIVE,VERBAL,GLOBAL,https://javatutorial.net/java-control-flow-statements,cluster7
145,'flow control easy',0.125,0.25,0,0,0,0,0.25,0.5,0,0.528013,0.981803,0.074222,0.295139,0.583333,0.006944,0.272917,0.541667,0.004167,0.015,0.48,REFLECTIVE,INTUITIVE,VERBAL,GLOBAL,https://javatutorial.net/java-control-flow-statements,cluster7
146,'exceptions easy',0.125,0.25,0,0,0,0,0.25,0.5,0,0.578013,1.081803,0.074222,0.295139,0.583333,0.006944,0.272917,0.541667,0.004167,0.015,0.48,REFLECTIVE,INTUITIVE,VERBAL,GLOBAL,http://rymden.nu/exceptions.html,cluster7
147,'threads advanced',0,0,0,0,0,0,0,0,0,0.565513,1.056803,0.074222,0.295139,0.583333,0.006944,0.272917,0.541667,0.004167,0.015,0.48,REFLECTIVE,INTUITIVE,VERBAL,GLOBAL,http://beginnersbook.com/2013/03/multithreading-in-java/,cluster7
148,'core easy',0,0,0,0,0,0,0,0,0,0.565513,1.056803,0.074222,0.295139,0.583333,0.006944,0.272917,0.541667,0.004167,0.015,0.48,REFLECTIVE,INTUITIVE,VERBAL,GLOBAL,http://www.tutorialspoint.com/java/java_inheritance.htm,cluster7
149,'declarations and access control easy',0.125,0.25,0,0,0,0,0.25,0.5,0,0.653013,1.231803,0.074222,0.295139,0.583333,0.006944,0.272917,0.541667,0.004167,0.015,0.48,REFLECTIVE,INTUITIVE,VERBAL,GLOBAL,http://www.jchq.net/certkey/0101certkey.htm,cluster7
150,'operators and assignments advanced',0,0,0,0,0,0,0,0,0,0.640513,1.206803,0.074222,0.295139,0.583333,0.006944,0.272917,0.541667,0.004167,0.015,0.48,REFLECTIVE,INTUITIVE,VERBAL,GLOBAL,http://www.wideskills.com/java-tutorial/java-operators-tutorial,cluster7
151,'inner classes easy',0.125,0.25,0,0,0,0,0.25,0.5,0,0.703013,1.331803,0.074222,0.295139,0.583333,0.006944,0.272917,0.541667,0.004167,0.015,0.48,REFLECTIVE,INTUITIVE,VERBAL,GLOBAL,http://www.codejava.net/java-core/the-java-language/java-keyword-assert,cluster7
152,'assertions easy',0,0,0,0,0,0,0,0,0,0.690513,1.306803,0.074222,0.295139,0.583333,0.006944,0.272917,0.541667,0.004167,0.015,0.48,REFLECTIVE,INTUITIVE,VERBAL,GLOBAL,http://docs.oracle.com/javase/7/docs/techfalsetes/guides/language/assert.html,cluster7
153,'assertions advanced',0,0,0,0,0,0,0,0,0,0.690513,1.306803,0.074222,0.295139,0.583333,0.006944,0.272917,0.541667,0.004167,0.015,0.48,REFLECTIVE,INTUITIVE,VERBAL,GLOBAL,http://docs.oracle.com/javase/7/docs/techfalsetes/guides/language/assert.html,cluster7
154,'classes easy',0.125,0.25,0,0,0,0,0.25,0.5,0,0.753013,1.431803,0.074222,0.295139,0.583333,0.006944,0.272917,0.541667,0.004167,0.015,0.48,REFLECTIVE,INTUITIVE,VERBAL,GLOBAL,?,cluster7
155,'declarations and access control advanced',0.125,0.25,0,0.25,0.5,0,0,0,0,0.828013,1.581803,0.074222,0.295139,0.583333,0.006944,0.272917,0.541667,0.004167,0.015,0.48,REFLECTIVE,INTUITIVE,VERBAL,GLOBAL,http://www.jchq.net/certkey/0101certkey.htm,cluster6
156,'garbage collection easy',0,0,0,0,0,0,0,0,0,0.815513,1.556803,0.074222,0.295139,0.583333,0.006944,0.272917,0.541667,0.004167,0.015,0.48,REFLECTIVE,INTUITIVE,VERBAL,GLOBAL,https://plumbr.eu/handbook/what-is-garbage-collection,cluster7
157,'garbage collection advanced',0.125,0.25,0,0.25,0.5,0,0,0,0,0.878013,1.681803,0.074222,0.295139,0.583333,0.006944,0.272917,0.541667,0.004167,0.015,0.48,REFLECTIVE,INTUITIVE,VERBAL,GLOBAL,?,cluster6
158,'objects and collections advanced',0,0,0,0,0,0,0,0,0,0.865513,1.656803,0.074222,0.295139,0.583333,0.006944,0.272917,0.541667,0.004167,0.015,0.48,REFLECTIVE,INTUITIVE,VERBAL,GLOBAL,http://beginnersbook.com/java-collections-tutorials/,cluster7
159,'objects and collections easy',0.1875,0.25,0.125,0,0,0,0.375,0.5,0.25,0.959263,1.781803,0.136722,0.295139,0.583333,0.006944,0.272917,0.541667,0.004167,0.015,0.48,REFLECTIVE,INTUITIVE,VERBAL,GLOBAL,http://beginnersbook.com/java-collections-tutorials/,cluster7
160,'flow control advanced',0,0,0,0,0,0,0,0,0,0.345646,0.691293,0,0.221528,0.258333,0.184722,0.073497,0.125781,0.021212,-0.283333,-0.45,ACTIVE,SENSORY,VISUAL,SEQUENTIAL,https://javatutorial.net/java-control-flow-statements,cluster3
161,'flow control easy',0.015625,0.03125,0,0,0,0,0.03125,0.0625,0,0.353459,0.706918,0,0.221528,0.258333,0.184722,0.073497,0.125781,0.021212,-0.283333,-0.45,ACTIVE,SENSORY,VISUAL,SEQUENTIAL,https://javatutorial.net/java-control-flow-statements,cluster3
162,'exceptions easy',0,0,0,0,0,0,0,0,0,0.364396,0.728793,0,0.221528,0.258333,0.184722,0.073497,0.125781,0.021212,-0.283333,-0.45,ACTIVE,SENSORY,VISUAL,SEQUENTIAL,?,cluster3
163,'threads advanced',0,0,0,0,0,0,0,0,0,0.376896,0.753793,0,0.221528,0.258333,0.184722,0.073497,0.125781,0.021212,-0.283333,-0.45,ACTIVE,SENSORY,VISUAL,SEQUENTIAL,http://beginnersbook.com/2013/03/multithreading-in-java/,cluster3
164,'core easy',0,0,0,0,0,0,0,0,0,0.376896,0.753793,0,0.221528,0.258333,0.184722,0.073497,0.125781,0.021212,-0.283333,-0.45,ACTIVE,SENSORY,VISUAL,SEQUENTIAL,http://www.tutorialspoint.com/java/java_inheritance.htm,cluster3
165,'declarations and access control easy',0,0,0,0,0,0,0,0,0,0.376896,0.753793,0,0.221528,0.258333,0.184722,0.073497,0.125781,0.021212,-0.283333,-0.45,ACTIVE,SENSORY,VISUAL,SEQUENTIAL,http://www.jchq.net/certkey/0101certkey.htm,cluster3
166,'operators and assignments advanced',0,0,0,0,0,0,0,0,0,0.383146,0.766293,0,0.221528,0.258333,0.184722,0.073497,0.125781,0.021212,-0.283333,-0.45,ACTIVE,SENSORY,VISUAL,SEQUENTIAL,http://www.wideskills.com/java-tutorial/java-operators-tutorial,cluster3
167,'inner classes easy',0.015625,0.03125,0,0,0,0,0.03125,0.0625,0,0.415959,0.831918,0,0.221528,0.258333,0.184722,0.073497,0.125781,0.021212,-0.283333,-0.45,ACTIVE,SENSORY,VISUAL,SEQUENTIAL,http://www.codejava.net/java-core/the-java-language/java-keyword-assert,cluster3
168,'assertions easy',0,0,0,0,0,0,0,0,0,0.420646,0.841293,0,0.221528,0.258333,0.184722,0.073497,0.125781,0.021212,-0.283333,-0.45,ACTIVE,SENSORY,VISUAL,SEQUENTIAL,?,cluster3
169,'assertions advanced',0,0,0,0,0,0,0,0,0,0.420646,0.841293,0,0.221528,0.258333,0.184722,0.073497,0.125781,0.021212,-0.283333,-0.45,ACTIVE,SENSORY,VISUAL,SEQUENTIAL,http://docs.oracle.com/javase/7/docs/techfalsetes/guides/language/assert.html,cluster3
170,'classes easy',0.015625,0.03125,0,0,0,0,0.03125,0.0625,0,0.453459,0.906918,0,0.221528,0.258333,0.184722,0.073497,0.125781,0.021212,-0.283333,-0.45,ACTIVE,SENSORY,VISUAL,SEQUENTIAL,http://www.codejava.net/java-core/the-java-language/java-keyword-assert,cluster3
171,'declarations and access control advanced',0.140625,0.03125,0.25,0.28125,0.0625,0.5,0,0,0,0.568636,0.969418,0.167854,0.221528,0.258333,0.184722,0.073497,0.125781,0.021212,-0.283333,-0.45,ACTIVE,SENSORY,VISUAL,SEQUENTIAL,http://www.jchq.net/certkey/0101certkey.htm,cluster3
172,'garbage collection easy',0.125,0,0.25,0.25,0,0.5,0,0,0,0.567073,0.966293,0.167854,0.221528,0.258333,0.184722,0.073497,0.125781,0.021212,-0.283333,-0.45,ACTIVE,SENSORY,VISUAL,SEQUENTIAL,https://plumbr.eu/handbook/what-is-garbage-collection,cluster3
173,'garbage collection advanced',0.15625,0.0625,0.25,0.3125,0.125,0.5,0,0,0,0.607698,1.047543,0.167854,0.221528,0.258333,0.184722,0.073497,0.125781,0.021212,-0.283333,-0.45,ACTIVE,SENSORY,VISUAL,SEQUENTIAL,https://plumbr.eu/handbook/what-is-garbage-collection,cluster3
174,'objects and collections advanced',0.125,0,0.25,0.25,0,0.5,0,0,0,0.617073,1.066293,0.167854,0.221528,0.258333,0.184722,0.073497,0.125781,0.021212,-0.283333,-0.45,ACTIVE,SENSORY,VISUAL,SEQUENTIAL,http://beginnersbook.com/java-collections-tutorials/,cluster3
175,'objects and collections easy',0.125,0.25,0,0,0,0,0.25,0.5,0,0.667073,1.191293,0.142854,0.221528,0.258333,0.184722,0.073497,0.125781,0.021212,-0.283333,-0.45,ACTIVE,SENSORY,VISUAL,SEQUENTIAL,http://beginnersbook.com/java-collections-tutorials/,cluster3
176,'flow control advanced',0,0,0,0,0,0,0,0,0,0.423333,0.846667,0,0.402778,0.416667,0.388889,0.225852,0.375,0.076705,-0.45,-0.45,REFLECTIVE,INTUITIVE,VERBAL,GLOBAL,?,cluster4
177,'flow control easy',0,0,0,0,0,0,0,0,0,0.473333,0.946667,0,0.402778,0.416667,0.388889,0.225852,0.375,0.076705,-0.45,-0.45,REFLECTIVE,INTUITIVE,VERBAL,GLOBAL,https://javatutorial.net/java-control-flow-statements,cluster4
178,'exceptions easy',0,0,0,0,0,0,0,0,0,0.523333,1.046667,0,0.402778,0.416667,0.388889,0.225852,0.375,0.076705,-0.45,-0.45,REFLECTIVE,INTUITIVE,VERBAL,GLOBAL,http://rymden.nu/exceptions.html,cluster4
179,'threads advanced',0,0,0,0,0,0,0,0,0,0.523333,1.046667,0,0.402778,0.416667,0.388889,0.225852,0.375,0.076705,-0.45,-0.45,REFLECTIVE,INTUITIVE,VERBAL,GLOBAL,http://beginnersbook.com/2013/03/multithreading-in-java/,cluster4
180,'core easy',0,0,0,0,0,0,0,0,0,0.523333,1.046667,0,0.402778,0.416667,0.388889,0.225852,0.375,0.076705,-0.45,-0.45,REFLECTIVE,INTUITIVE,VERBAL,GLOBAL,?,cluster4
181,'declarations and access control easy',0,0,0,0,0,0,0,0,0,0.548333,1.096667,0,0.402778,0.416667,0.388889,0.225852,0.375,0.076705,-0.45,-0.45,REFLECTIVE,INTUITIVE,VERBAL,GLOBAL,http://www.jchq.net/certkey/0101certkey.htm,cluster4
182,'operators and assignments advanced',0,0,0,0,0,0,0,0,0,0.548333,1.096667,0,0.402778,0.416667,0.388889,0.225852,0.375,0.076705,-0.45,-0.45,REFLECTIVE,INTUITIVE,VERBAL,GLOBAL,http://www.wideskills.com/java-tutorial/java-operators-tutorial,cluster4
183,'inner classes easy',0,0,0,0,0,0,0,0,0,0.598333,1.196667,0,0.402778,0.416667,0.388889,0.225852,0.375,0.076705,-0.45,-0.45,REFLECTIVE,INTUITIVE,VERBAL,GLOBAL,http://www.codejava.net/java-core/the-java-language/java-keyword-assert,cluster4
184,'assertions easy',0,0,0,0,0,0,0,0,0,0.598333,1.196667,0,0.402778,0.416667,0.388889,0.225852,0.375,0.076705,-0.45,-0.45,REFLECTIVE,INTUITIVE,VERBAL,GLOBAL,http://docs.oracle.com/javase/7/docs/techfalsetes/guides/language/assert.html,cluster4
185,'assertions advanced',0,0,0,0,0,0,0,0,0,0.598333,1.196667,0,0.402778,0.416667,0.388889,0.225852,0.375,0.076705,-0.45,-0.45,REFLECTIVE,INTUITIVE,VERBAL,GLOBAL,http://docs.oracle.com/javase/7/docs/techfalsetes/guides/language/assert.html,cluster4
186,'classes easy',0,0,0,0,0,0,0,0,0,0.648333,1.296667,0,0.402778,0.416667,0.388889,0.225852,0.375,0.076705,-0.45,-0.45,REFLECTIVE,INTUITIVE,VERBAL,GLOBAL,http://www.codejava.net/java-core/the-java-language/java-keyword-assert,cluster4
187,'declarations and access control advanced',0.125,0,0.25,0.25,0,0.5,0,0,0,0.849893,1.396667,0.303119,0.402778,0.416667,0.388889,0.225852,0.375,0.076705,-0.45,-0.45,REFLECTIVE,INTUITIVE,VERBAL,GLOBAL,http://www.jchq.net/certkey/0101certkey.htm,cluster2
188,'garbage collection easy',0.125,0,0.25,0.25,0,0.5,0,0,0,0.849893,1.396667,0.303119,0.402778,0.416667,0.388889,0.225852,0.375,0.076705,-0.45,-0.45,REFLECTIVE,INTUITIVE,VERBAL,GLOBAL,https://plumbr.eu/handbook/what-is-garbage-collection,cluster2
189,'garbage collection advanced',0.125,0,0.25,0.25,0,0.5,0,0,0,0.899893,1.496667,0.303119,0.402778,0.416667,0.388889,0.225852,0.375,0.076705,-0.45,-0.45,REFLECTIVE,INTUITIVE,VERBAL,GLOBAL,?,cluster2
190,'objects and collections advanced',0.125,0,0.25,0.25,0,0.5,0,0,0,0.899893,1.496667,0.303119,0.402778,0.416667,0.388889,0.225852,0.375,0.076705,-0.45,-0.45,REFLECTIVE,INTUITIVE,VERBAL,GLOBAL,http://beginnersbook.com/java-collections-tutorials/,cluster2
191,'objects and collections easy',0,0,0,0,0,0,0,0,0,0.887393,1.496667,0.278119,0.402778,0.416667,0.388889,0.225852,0.375,0.076705,-0.45,-0.45,REFLECTIVE,INTUITIVE,VERBAL,GLOBAL,http://beginnersbook.com/java-collections-tutorials/,cluster4
192,'flow control advanced',0,0,0,0,0,0,0,0,0,0.442645,0.885289,0,0.5625,0.736111,0.388889,0.358375,0.647569,0.069181,-0.2175,0.015,REFLECTIVE,INTUITIVE,VERBAL,GLOBAL,https://javatutorial.net/java-control-flow-statements,cluster7
193,'flow control easy',0.125,0.25,0,0,0,0,0.25,0.5,0,0.517645,1.035289,0,0.5625,0.736111,0.388889,0.358375,0.647569,0.069181,-0.2175,0.015,REFLECTIVE,INTUITIVE,VERBAL,GLOBAL,https://javatutorial.net/java-control-flow-statements,cluster1
194,'exceptions easy',0.125,0.25,0,0,0,0,0.25,0.5,0,0.586395,1.172789,0,0.5625,0.736111,0.388889,0.358375,0.647569,0.069181,-0.2175,0.015,REFLECTIVE,INTUITIVE,VERBAL,GLOBAL,http://rymden.nu/exceptions.html,cluster4
195,'threads advanced',0,0,0,0,0,0,0,0,0,0.573895,1.147789,0,0.5625,0.736111,0.388889,0.358375,0.647569,0.069181,-0.2175,0.015,REFLECTIVE,INTUITIVE,VERBAL,GLOBAL,http://beginnersbook.com/2013/03/multithreading-in-java/,cluster4
196,'core easy',0,0,0,0,0,0,0,0,0,0.573895,1.147789,0,0.5625,0.736111,0.388889,0.358375,0.647569,0.069181,-0.2175,0.015,REFLECTIVE,INTUITIVE,VERBAL,GLOBAL,http://www.tutorialspoint.com/java/java_inheritance.htm,cluster4
197,'declarations and access control easy',0.125,0.25,0,0,0,0,0.25,0.5,0,0.661395,1.322789,0,0.5625,0.736111,0.388889,0.358375,0.647569,0.069181,-0.2175,0.015,REFLECTIVE,INTUITIVE,VERBAL,GLOBAL,http://www.jchq.net/certkey/0101certkey.htm,cluster4
198,'operators and assignments advanced',0,0,0,0,0,0,0,0,0,0.648895,1.297789,0,0.5625,0.736111,0.388889,0.358375,0.647569,0.069181,-0.2175,0.015,REFLECTIVE,INTUITIVE,VERBAL,GLOBAL,http://www.wideskills.com/java-tutorial/java-operators-tutorial,cluster4
199,'inner classes easy',0.125,0.25,0,0,0,0,0.25,0.5,0,0.711395,1.422789,0,0.5625,0.736111,0.388889,0.358375,0.647569,0.069181,-0.2175,0.015,REFLECTIVE,INTUITIVE,VERBAL,GLOBAL,http://www.codejava.net/java-core/the-java-language/java-keyword-assert,cluster4
200,'assertions easy',0,0,0,0,0,0,0,0,0,0.698895,1.397789,0,0.5625,0.736111,0.388889,0.358375,0.647569,0.069181,-0.2175,0.015,REFLECTIVE,INTUITIVE,VERBAL,GLOBAL,?,cluster4
201,'assertions advanced',0,0,0,0,0,0,0,0,0,0.698895,1.397789,0,0.5625,0.736111,0.388889,0.358375,0.647569,0.069181,-0.2175,0.015,REFLECTIVE,INTUITIVE,VERBAL,GLOBAL,http://docs.oracle.com/javase/7/docs/techfalsetes/guides/language/assert.html,cluster4
202,'classes easy',0.125,0.25,0,0,0,0,0.25,0.5,0,0.773895,1.547789,0,0.5625,0.736111,0.388889,0.358375,0.647569,0.069181,-0.2175,0.015,REFLECTIVE,INTUITIVE,VERBAL,GLOBAL,http://www.codejava.net/java-core/the-java-language/java-keyword-assert,cluster6
203,'declarations and access control advanced',0.1875,0.25,0.125,0.375,0.5,0.25,0,0,0,0.982535,1.672789,0.292281,0.5625,0.736111,0.388889,0.358375,0.647569,0.069181,-0.2175,0.015,REFLECTIVE,INTUITIVE,VERBAL,GLOBAL,http://www.jchq.net/certkey/0101certkey.htm,cluster6
204,'garbage collection easy',0.0625,0,0.125,0.125,0,0.25,0,0,0,0.970035,1.647789,0.292281,0.5625,0.736111,0.388889,0.358375,0.647569,0.069181,-0.2175,0.015,REFLECTIVE,INTUITIVE,VERBAL,GLOBAL,https://plumbr.eu/handbook/what-is-garbage-collection,cluster2
205,'garbage collection advanced',0.1875,0.25,0.125,0.375,0.5,0.25,0,0,0,1.057535,1.822789,0.292281,0.5625,0.736111,0.388889,0.358375,0.647569,0.069181,-0.2175,0.015,REFLECTIVE,INTUITIVE,VERBAL,GLOBAL,https://plumbr.eu/handbook/what-is-garbage-collection,cluster6
206,'objects and collections advanced',0.0625,0,0.125,0.125,0,0.25,0,0,0,1.045035,1.797789,0.292281,0.5625,0.736111,0.388889,0.358375,0.647569,0.069181,-0.2175,0.015,REFLECTIVE,INTUITIVE,VERBAL,GLOBAL,?,cluster2
207,'objects and collections easy',0.125,0.25,0,0,0,0,0.25,0.5,0,1.101285,1.922789,0.279781,0.5625,0.736111,0.388889,0.358375,0.647569,0.069181,-0.2175,0.015,REFLECTIVE,INTUITIVE,VERBAL,GLOBAL,http://beginnersbook.com/java-collections-tutorials/,cluster6
